-- phpMyAdmin SQL Dump
-- version 5.2.2
-- https://www.phpmyadmin.net/
--
-- Host: localhost:3306
-- Generation Time: Jul 21, 2025 at 12:09 PM
-- Server version: 5.7.25
-- PHP Version: 8.2.20

SET SQL_MODE = "NO_AUTO_VALUE_ON_ZERO";
START TRANSACTION;
SET time_zone = "+00:00";


/*!40101 SET @OLD_CHARACTER_SET_CLIENT=@@CHARACTER_SET_CLIENT */;
/*!40101 SET @OLD_CHARACTER_SET_RESULTS=@@CHARACTER_SET_RESULTS */;
/*!40101 SET @OLD_COLLATION_CONNECTION=@@COLLATION_CONNECTION */;
/*!40101 SET NAMES utf8mb4 */;

--
-- Database: `skripsi_spc_kte`
--

-- --------------------------------------------------------

--
-- Table structure for table `basis`
--

CREATE TABLE `basis` (
  `id_basis` int(11) NOT NULL,
  `id_klasifikasi` int(11) NOT NULL,
  `image` text,
  `r` double DEFAULT NULL,
  `g` double DEFAULT NULL,
  `b` double DEFAULT NULL,
  `created_at` timestamp NOT NULL DEFAULT CURRENT_TIMESTAMP,
  `updated_at` timestamp NOT NULL DEFAULT CURRENT_TIMESTAMP ON UPDATE CURRENT_TIMESTAMP
) ENGINE=InnoDB DEFAULT CHARSET=latin1;

--
-- Dumping data for table `basis`
--

INSERT INTO `basis` (`id_basis`, `id_klasifikasi`, `image`, `r`, `g`, `b`, `created_at`, `updated_at`) VALUES
(198, 1, '4dae5832704327503c20abf0ca0ddf52.jpg', 123125403, 0.99999999999998, 1189399718442, '2024-03-26 01:01:46', '2024-03-26 01:02:06'),
(199, 1, 'eb435aec180016499f63e5a6024a4457.jpg', 193890223, 0.99999999999999, 319779472790, '2024-03-26 01:01:46', '2024-03-26 01:02:06'),
(200, 1, '403fd412922c1fe046bdbadb021aa199.jpg', 146381542, 1, 371645606520, '2024-03-26 01:01:46', '2024-03-26 01:02:06'),
(201, 1, '12ea8eecca831507cac19c0583ca33f4.jpg', 169950730, 0.99999999999999, 362950397586, '2024-03-26 01:01:46', '2024-03-26 01:02:06'),
(202, 1, '0a2834472779955d3d89849ae28fa64e.jpg', 92257275, 1, 568272408516, '2024-03-26 01:01:46', '2024-03-26 01:02:06'),
(203, 1, 'e78c2c61d8bdd20841063f8b90065de2.jpg', 163569263, 1, 384250982638, '2024-03-26 01:01:46', '2024-03-26 01:02:06'),
(204, 1, '833c5086566b233685d981ad160435a5.jpg', 149909909, 1, 742114813402, '2024-03-26 01:01:46', '2024-03-26 01:02:06'),
(205, 1, 'a5898dde0e33f700057465d68a4a71ed.jpg', 87435494, 0.99999999999999, 592637818088, '2024-03-26 01:01:46', '2024-03-26 01:02:06'),
(206, 1, '0b1faa79d14076c083b9466588286c97.jpg', 112767888, 0.99999999999999, 742985728644, '2024-03-26 01:01:46', '2024-03-26 01:02:06'),
(207, 1, '7bfa2ffca210139bbaf06406ab8c7189.jpg', 193890223, 0.99999999999999, 319779472790, '2024-03-26 01:01:46', '2024-03-26 01:02:06'),
(208, 1, '87245f8ac86ef2235c0d46b26951262e.jpg', 146381542, 1, 371645606520, '2024-03-26 01:01:46', '2024-03-26 01:02:06'),
(209, 1, 'd521df31b0fdaa6c60d568961497348f.jpg', 169950730, 0.99999999999999, 362950397586, '2024-03-26 01:01:46', '2024-03-26 01:02:06'),
(210, 1, 'c235a26764c762576e4c50e08ee153af.jpg', 118433099, 0.99999999999998, 1004554456746, '2024-03-26 01:01:46', '2024-03-26 01:02:06'),
(211, 1, 'bfdb657af41831c7a7adf71058d7a906.jpg', 168834932, 1, 720150937524, '2024-03-26 01:01:46', '2024-03-26 01:02:06'),
(212, 1, '706d84eee2905e80a4c6f161c09dea2f.jpg', 168834932, 1, 720150937524, '2024-03-26 01:01:46', '2024-03-26 01:02:06'),
(213, 1, '25b06cf8235a629b117b17399f19032f.jpg', 200969709, 0.99999999999999, 505957252874, '2024-03-26 01:01:46', '2024-03-26 01:02:06'),
(214, 1, '0f557a2e7135e02e5ebbdb6c3ce71a3c.jpg', 135531981, 0.99999999999999, 739427853842, '2024-03-26 01:01:46', '2024-03-26 01:02:06'),
(215, 1, '7120aeb3347c37ba79611ba060432282.jpg', 161416854, 1, 811818350642, '2024-03-26 01:01:46', '2024-03-26 01:02:06'),
(216, 1, '68615ad5a28e0b658c7a09872fb8a8de.jpg', 210469447, 0.99999999999999, 520659259462, '2024-03-26 01:01:46', '2024-03-26 01:02:06'),
(217, 1, '11d44566c2733e2981b26bd459e7607f.jpg', 171551801, 1, 487289634394, '2024-03-26 01:01:46', '2024-03-26 01:02:06'),
(218, 1, '9fcd8c33c13025c71dc3fb05fc735332.jpg', 125350934, 1, 477885643676, '2024-03-26 01:01:46', '2024-03-26 01:02:06'),
(219, 1, '7fe5a13661dbe13b7646cafda24f3194.jpg', 112500180, 1, 585918955488, '2024-03-26 01:01:46', '2024-03-26 01:02:06'),
(220, 1, '2ddfcbf063584d20ef19f00e3a716349.jpg', 323752194, 1, 630575255396, '2024-03-26 01:01:46', '2024-03-26 01:02:06'),
(221, 1, '21a4d886a69a75e9d82cd64f6314165c.jpg', 174530389, 1, 1062782569178, '2024-03-26 01:01:46', '2024-03-26 01:02:06'),
(222, 1, 'f7288a17fe500a31387bdea0989e6054.jpg', 209381778, 1, 551604441140, '2024-03-26 01:01:46', '2024-03-26 01:02:06'),
(223, 1, 'f4b3229fd669b88ad6f6640b41b7853f.jpg', 112163268, 1, 934921894732, '2024-03-26 01:01:46', '2024-03-26 01:02:06'),
(224, 1, '7303c15ea3c5962a426a08d0149b8198.jpg', 206756711, 1, 442061724850, '2024-03-26 01:01:46', '2024-03-26 01:02:06'),
(225, 1, '71e8b0eeadeafff3f8ab1b13971fffdf.jpg', 171229704, 1, 432753395374, '2024-03-26 01:01:46', '2024-03-26 01:02:06'),
(226, 1, '8d5d8023d5fd9a05aa8dae2184a9757e.jpg', 208600452, 1, 637115995666, '2024-03-26 01:01:46', '2024-03-26 01:02:06'),
(227, 1, '776509b7642d48c253655c81064f2f25.jpg', 161938963, 1, 621485968322, '2024-03-26 01:01:46', '2024-03-26 01:02:06'),
(228, 1, '31165c224187882200df41f2e5c2e7bd.jpg', 157768011, 1, 1003714867486, '2024-03-26 01:01:46', '2024-03-26 01:02:06'),
(229, 1, 'b2423b9b3efefe2dd701ba132b340269.jpg', 108390643, 1, 470900800496, '2024-03-26 01:01:46', '2024-03-26 01:02:06'),
(230, 1, '9c3ad6147062f8d0e832e605ecdb6ba8.jpg', 238604775, 1, 930935127366, '2024-03-26 01:01:46', '2024-03-26 01:02:06'),
(231, 1, 'd8a3021dfc9db4f384a9b45f5793c7b1.jpg', 135684989, 0.99999999999999, 614300760030, '2024-03-26 01:01:46', '2024-03-26 01:02:06'),
(232, 1, '468159a16058a0b7ce473c2f66a30ff9.jpg', 173140590, 0.99999999999999, 528727945734, '2024-03-26 01:01:46', '2024-03-26 01:02:06'),
(233, 2, 'c5245d2097ab79f5ec293dfdc9199945.jpg', 1078106607, 1, 44253075280, '2024-03-26 01:01:46', '2024-03-26 01:02:06'),
(234, 2, '18e1ef8be6beebfc67c0115d387d3167.jpg', 1381371890, 0.99999999999999, 51697795588, '2024-03-26 01:01:46', '2024-03-26 01:02:06'),
(235, 2, '5739de1cccf7948d2c26c694a3f66eaf.jpg', 649256767, 0.99999999999999, 63355975684, '2024-03-26 01:01:46', '2024-03-26 01:02:06'),
(236, 2, '8495b0b6f05598f76700e17c04fba596.jpg', 855035625, 0.99999999999999, 61839813658, '2024-03-26 01:01:46', '2024-03-26 01:02:06'),
(237, 2, '37c0dd099d04d1a459cc7941f6f3ae16.jpg', 328555939, 1, 76394980338, '2024-03-26 01:01:46', '2024-03-26 01:02:06'),
(238, 2, 'ed59a68b4bff729b955e0b59510b119d.jpg', 329899586, 1, 72195554714, '2024-03-26 01:01:46', '2024-03-26 01:02:06'),
(239, 2, 'efd450762242a0925d2ea8e91bd6d35c.jpg', 592105898, 1, 109898724042, '2024-03-26 01:01:46', '2024-03-26 01:02:06'),
(240, 2, '2ffff1447df484bb8f23fa0d1fccc1a8.jpg', 529656255, 1, 63782045250, '2024-03-26 01:01:46', '2024-03-26 01:02:06'),
(241, 2, 'b8b746618b1591d9b9975e780ba36932.jpg', 548364411, 0.99999999999999, 53037599516, '2024-03-26 01:01:46', '2024-03-26 01:02:06'),
(242, 2, '63c7c006dc6cbf9c86c01f4abd7cf635.jpg', 297611592, 0.99999999999999, 74228397606, '2024-03-26 01:01:46', '2024-03-26 01:02:06'),
(243, 2, 'df0be0f9e436e310ae4ecc35a2cd8319.jpg', 293780156, 0.99999999999999, 73416742560, '2024-03-26 01:01:46', '2024-03-26 01:02:06'),
(244, 2, '4327873bdad9a84c7bf46c8e7a6ea026.jpg', 660763105, 1, 57556862102, '2024-03-26 01:01:46', '2024-03-26 01:02:06'),
(245, 2, '8209c423b09c42cc276ac1d2d366c9d5.jpg', 715253863, 0.99999999999999, 55502380218, '2024-03-26 01:01:46', '2024-03-26 01:02:06'),
(246, 2, 'e24658bbd7f051f6b5059ce1abf6266c.jpg', 421266818, 1, 68073494214, '2024-03-26 01:01:46', '2024-03-26 01:02:06'),
(247, 2, '0dc5a5858c9ea9a0160420b3ccac57e5.jpg', 761667777, 1, 56380012858, '2024-03-26 01:01:46', '2024-03-26 01:02:06'),
(248, 2, '57aa7753060600950b715f1b79b2aac8.jpg', 954199898, 1, 48831605732, '2024-03-26 01:01:46', '2024-03-26 01:02:06'),
(249, 2, '93061515498941f097451ceca72990e5.jpg', 765355930, 1, 52567575530, '2024-03-26 01:01:46', '2024-03-26 01:02:06'),
(250, 2, '436e7e7c5daa60fc39a9791d68321bb3.jpg', 774434719, 1, 64517227368, '2024-03-26 01:01:46', '2024-03-26 01:02:06'),
(251, 2, '6f9fa70420df1a73091b2191c7a9557c.jpg', 620648122, 1, 49006349612, '2024-03-26 01:01:46', '2024-03-26 01:02:06'),
(252, 2, 'e1dce0e863890ea53bd290bafa0ad7c6.jpg', 177708775, 1, 80229777704, '2024-03-26 01:01:46', '2024-03-26 01:02:06'),
(253, 2, 'fe849eb4faad4f36a3543e411765bb01.jpg', 177708775, 1, 80229777704, '2024-03-26 01:01:46', '2024-03-26 01:02:06'),
(254, 2, 'df84381b2c57f603c2bceddf3f5b2524.jpg', 1188617419, 1, 41800529742, '2024-03-26 01:01:46', '2024-03-26 01:02:06'),
(255, 2, '9a987ff8e90c299799765fae04a45df5.jpg', 1188617419, 1, 41800529742, '2024-03-26 01:01:46', '2024-03-26 01:02:06'),
(256, 2, 'b229ad387a141d7314e8065db0fc2cd0.jpg', 627222839, 1, 56827169412, '2024-03-26 01:01:46', '2024-03-26 01:02:06'),
(257, 2, 'b7330e4ef8ba91738243780a27fd99e1.jpg', 397285612, 1, 56010078268, '2024-03-26 01:01:46', '2024-03-26 01:02:06'),
(258, 2, '5a8e42ab3a2173450e82ecab3329e298.jpg', 217717428, 1, 78765118642, '2024-03-26 01:01:46', '2024-03-26 01:02:06'),
(259, 2, '84bc5a03ce8f7676dbd9e28a966f7c1f.jpg', 312810642, 0.99999999999999, 73954707276, '2024-03-26 01:01:46', '2024-03-26 01:02:06'),
(260, 2, '9bc23b22d777a5027f0e718a33ffa15b.jpg', 479222500, 1, 49786128878, '2024-03-26 01:01:46', '2024-03-26 01:02:06'),
(261, 2, '5b2c1d52c9bc11ce6287694e3751c71c.jpg', 693775849, 0.99999999999999, 43303871676, '2024-03-26 01:01:46', '2024-03-26 01:02:06'),
(262, 2, 'c2fb92983863bd0bb7d6883db2c7f163.jpg', 413850029, 1, 59087643470, '2024-03-26 01:01:46', '2024-03-26 01:02:06'),
(263, 2, '97ac47b1fac16fa6a45912a1b32d281f.jpg', 270120018, 1, 63451572196, '2024-03-26 01:01:46', '2024-03-26 01:02:06'),
(264, 2, 'bb2fa084aa3d76e54b6355be1fc3cc4f.jpg', 471073551, 0.99999999999999, 212909322150, '2024-03-26 01:01:46', '2024-03-26 01:02:06'),
(265, 2, 'f61b540eaf201d7f9c7b50ca2eecc395.jpg', 196453680, 1, 230296944696, '2024-03-26 01:01:46', '2024-03-26 01:02:06'),
(266, 2, '4313996874e1f614c1a59ebd9f3d609f.jpg', 810686907, 1, 50089558594, '2024-03-26 01:01:46', '2024-03-26 01:02:06'),
(267, 2, 'c3c024f706da509d78019f0ad434aa3b.jpg', 950086423, 1, 43742548606, '2024-03-26 01:01:46', '2024-03-26 01:02:06'),
(268, 2, 'cd4799cec01310e9e084d60f48dda20a.jpg', 690013786, 1, 50448926318, '2024-03-26 01:01:46', '2024-03-26 01:02:06'),
(269, 2, 'd782df37408ed06a5406f2d4edc3a2ef.jpg', 912163167, 1, 44897801838, '2024-03-26 01:01:46', '2024-03-26 01:02:06'),
(270, 2, 'cc4e92171065f5ad3b79e733c294c0ce.jpg', 76743964, 1, 278151741242, '2024-03-26 01:01:46', '2024-03-26 01:02:06'),
(271, 2, 'c1169bd53ac4bf7a8b7c8dfd0fd6f2a4.jpg', 884817211, 1, 54117018760, '2024-03-26 01:01:46', '2024-03-26 01:02:06'),
(272, 2, '84cfe024061a1f5012f898ec61a2ad94.jpg', 273422262, 1, 179971808000, '2024-03-26 01:01:46', '2024-03-26 01:02:06'),
(273, 2, 'c085638c9e461da14bac4108328343c7.jpg', 298880086, 1, 99807272958, '2024-03-26 01:01:46', '2024-03-26 01:02:06'),
(274, 2, '68e2e403ee1d6c9f8482e9aecdcbe3e4.jpg', 132089063, 1, 296312810104, '2024-03-26 01:01:46', '2024-03-26 01:02:06'),
(275, 2, '7973e503daad71ae4fa3165b175068b1.jpg', 220802010, 1, 100352884234, '2024-03-26 01:01:46', '2024-03-26 01:02:06'),
(276, 3, '7fc752c1f2c47dc23528ca2cc422a84e.jpg', 72148140, 1, 762226805362, '2024-03-26 01:01:46', '2024-03-26 01:02:06'),
(277, 3, '8013978c26f7c9a499b9c847e82e6b36.jpg', 154263381, 1, 523327171436, '2024-03-26 01:01:46', '2024-03-26 01:02:06'),
(278, 3, 'e922863891131e1d417334e52d83f385.jpg', 200263923, 1, 611902903544, '2024-03-26 01:01:46', '2024-03-26 01:02:06'),
(279, 3, '372e1848d06b5c0f7273c45d637a36f9.jpg', 69535371, 0.99999999999999, 770258611944, '2024-03-26 01:01:46', '2024-03-26 01:02:06'),
(280, 3, '27d5d19612d4d919c26dece653a672c8.jpg', 90478000, 1, 832674877764, '2024-03-26 01:01:46', '2024-03-26 01:02:06'),
(281, 3, '6a05d3bfea11b21fdee19de40affa435.jpg', 60939360, 1, 552249622046, '2024-03-26 01:01:46', '2024-03-26 01:02:06'),
(282, 3, 'fdbfc378293469d1f4bad864ad2113f6.jpg', 77144092, 1, 914368703144, '2024-03-26 01:01:46', '2024-03-26 01:02:06'),
(283, 3, '525e6f14be9925c1913a6bb28692150e.jpg', 69419894, 1, 1242767406004, '2024-03-26 01:01:46', '2024-03-26 01:02:06'),
(284, 3, 'eb5000fe28784aaf20eb2a8e0044c96b.jpg', 113525827, 1, 754586159008, '2024-03-26 01:01:46', '2024-03-26 01:02:06'),
(285, 3, '1218fd58d27cac5ff78d9e96786e959f.jpg', 110713864, 1, 818850292894, '2024-03-26 01:01:46', '2024-03-26 01:02:06'),
(286, 3, '7f771a48eaa01afe15f7e566df10c957.jpg', 146282686, 0.99999999999999, 858798864284, '2024-03-26 01:01:46', '2024-03-26 01:02:06'),
(287, 3, '3f8fb183f582e1ef80d992f97f5ffcb0.jpg', 129607817, 1, 721955743522, '2024-03-26 01:01:46', '2024-03-26 01:02:06'),
(288, 3, '597c008905fa36a69e95043d6b4bef02.jpg', 118535409, 1, 324314914570, '2024-03-26 01:01:46', '2024-03-26 01:02:06'),
(289, 3, '4eca69cc53f7c6cdca392f6d2e9012d9.jpg', 64407558, 1, 728076041716, '2024-03-26 01:01:46', '2024-03-26 01:02:06'),
(290, 3, '20794d42f7a310b839902ac11533faa6.jpg', 111878463, 1, 392111473918, '2024-03-26 01:01:46', '2024-03-26 01:02:06'),
(291, 3, '6df4a77684c9e8c84a6ee89d595f8f72.jpg', 84980018, 1, 536977958010, '2024-03-26 01:01:46', '2024-03-26 01:02:06'),
(292, 3, 'febde4d6a34f8330f66b9fb34a5c2cfb.jpg', 94955414, 0.99999999999999, 292420962348, '2024-03-26 01:01:46', '2024-03-26 01:02:06'),
(293, 3, 'df9c7bd00dc1ea6993b2180434275bcd.jpg', 108971909, 1, 298182003920, '2024-03-26 01:01:46', '2024-03-26 01:02:06'),
(294, 3, '99d3e086556b810b6632bf019bf0039e.jpg', 143179418, 1, 287129436076, '2024-03-26 01:01:46', '2024-03-26 01:02:06'),
(295, 3, 'b10d386804d4879c73dc9daf600093cd.jpg', 101153122, 1, 476672148060, '2024-03-26 01:01:46', '2024-03-26 01:02:06'),
(296, 3, '71281b639b37873d1da62d9dcd8b2c3e.jpg', 101153122, 1, 476672148060, '2024-03-26 01:01:46', '2024-03-26 01:02:06'),
(297, 3, '1ae6ed44103c674660ccbd33cf47db3c.jpg', 118208642, 1, 338134104658, '2024-03-26 01:01:46', '2024-03-26 01:02:06'),
(298, 3, '72334857f30ad04152c770afa98517ef.jpg', 108829844, 0.99999999999999, 374713352080, '2024-03-26 01:01:46', '2024-03-26 01:02:06'),
(299, 3, 'deceac8d0c2a303c8d93d928e060f9ec.jpg', 211922401, 1, 239309147222, '2024-03-26 01:01:46', '2024-03-26 01:02:06'),
(300, 3, '72e2c5b7fba1e8b653e5c71f1f046d0d.jpg', 182357794, 1, 245555770342, '2024-03-26 01:01:46', '2024-03-26 01:02:06'),
(301, 3, 'beab473056ed323beba4fdfd19c5fa3c.jpg', 89325583, 1, 285621176192, '2024-03-26 01:01:46', '2024-03-26 01:02:06'),
(302, 3, '072da9bd4e9c38bff0c38d904ac4ca81.jpg', 169521736, 0.99999999999999, 280377103024, '2024-03-26 01:01:46', '2024-03-26 01:02:06'),
(303, 3, '5dbb1b585a7851c8ff856992a4a1f9bb.jpg', 131572796, 1, 510184634364, '2024-03-26 01:01:46', '2024-03-26 01:02:06'),
(304, 3, 'f786798ec2af8e2da7067254bdb1e12f.jpg', 71050456, 0.99999999999999, 491014875710, '2024-03-26 01:01:46', '2024-03-26 01:02:06'),
(305, 3, '49ef1ddcb1ed7ff79ea78ba50ef76227.jpg', 171199893, 1, 291552857508, '2024-03-26 01:01:46', '2024-03-26 01:02:06'),
(306, 3, '2950e94bf59eb5707865754ef0aebf3e.jpg', 107329278, 1, 291147706716, '2024-03-26 01:01:46', '2024-03-26 01:02:06'),
(307, 3, 'fc910c1a151a262e0fe58b2c47e08191.jpg', 150007373, 1, 348401985428, '2024-03-26 01:01:46', '2024-03-26 01:02:06'),
(308, 3, '7582594837bbbd58cfac9b8b607fa982.jpg', 179574327, 1, 493114955186, '2024-03-26 01:01:46', '2024-03-26 01:02:06'),
(309, 3, '72dce229ffccf88504a00c244c16efbc.jpg', 85430323, 1, 607446924086, '2024-03-26 01:01:46', '2024-03-26 01:02:06'),
(310, 3, 'ea33dc21b4d5461952700a004c17f603.jpg', 182681844, 1, 372212271762, '2024-03-26 01:01:46', '2024-03-26 01:02:06'),
(311, 3, 'ce99512df624b9419a6acd966b97b0af.jpg', 164186712, 1, 397427554772, '2024-03-26 01:01:46', '2024-03-26 01:02:06'),
(312, 3, '21727f1dbaa63e3591894b7ed829e018.jpg', 133094873, 1, 399239536222, '2024-03-26 01:01:46', '2024-03-26 01:02:06'),
(313, 3, '0efe319b3e9ac7b702fd86ba2aa059c4.jpg', 113716497, 1, 565691273726, '2024-03-26 01:01:46', '2024-03-26 01:02:06'),
(314, 3, '0a9d95ebf5ceff6751018f0c894860df.jpg', 117781385, 1, 477228197172, '2024-03-26 01:01:46', '2024-03-26 01:02:06'),
(315, 3, '013e47357400966fb26f945eba8a4b26.jpg', 137607291, 1, 347396848486, '2024-03-26 01:01:46', '2024-03-26 01:02:06'),
(316, 3, 'dca039647ca26d1e102dc4384c1a9353.jpg', 79280233, 1, 301232138894, '2024-03-26 01:01:46', '2024-03-26 01:02:06'),
(317, 3, '9a4888f2b71e2a83ceec92bd659bef08.jpg', 62424932, 1, 561419202392, '2024-03-26 01:01:46', '2024-03-26 01:02:06'),
(318, 3, '4574a64eb6160201c267ef885f0f1d9f.jpg', 119380976, 1, 378251922570, '2024-03-26 01:01:46', '2024-03-26 01:02:06'),
(319, 3, 'cf5c2d4e48f21d6843a01667b783bb4c.jpg', 162085079, 1, 236019361490, '2024-03-26 01:01:46', '2024-03-26 01:02:06'),
(320, 3, '580b281b79c18c410ff16b5a40e8651e.jpg', 138140564, 1, 405030605862, '2024-03-26 01:01:46', '2024-03-26 01:02:06'),
(321, 3, '90bb4984e6c433f8a5565fb295657bdf.jpg', 178187802, 1, 735960687420, '2024-03-26 01:01:46', '2024-03-26 01:02:06'),
(322, 3, 'c97be69d5e681c1b408089885b66362b.jpg', 163048347, 1, 451313839096, '2024-03-26 01:01:46', '2024-03-26 01:02:06'),
(323, 3, '519438fcf62be1d0082ced6649268e12.jpg', 157446721, 1, 642849955274, '2024-03-26 01:01:46', '2024-03-26 01:02:06'),
(324, 3, 'ca788415517bd39ec72d7c4f8c4086e3.jpg', 138603153, 1, 711243836492, '2024-03-26 01:01:46', '2024-03-26 01:02:06'),
(325, 3, 'a820dee8ad136d3ef4cff1689142432b.jpg', 123545951, 1, 313203940770, '2024-03-26 01:01:46', '2024-03-26 01:02:06'),
(326, 3, '84f8ef6edaa16f3c438c80f730395360.jpg', 55645927, 1, 254985350068, '2024-03-26 01:01:46', '2024-03-26 01:02:06'),
(327, 3, 'd09a8a2b1d13dbdd94c97e5bb47d93b3.jpg', 190626967, 0.99999999999999, 378487611442, '2024-03-26 01:01:46', '2024-03-26 01:02:06'),
(328, 3, '2e6b6716c8f152f551d8885e6d8d5f13.jpg', 159121878, 1, 298759184678, '2024-03-26 01:01:46', '2024-03-26 01:02:06'),
(329, 3, 'cd49a23a1498d5d262baeac41178568c.jpg', 140658352, 1, 319896074424, '2024-03-26 01:01:46', '2024-03-26 01:02:06'),
(330, 3, '4841c45fd2db8357171ddbc26762dd79.jpg', 172949187, 0.99999999999999, 663392774886, '2024-03-26 01:01:46', '2024-03-26 01:02:06'),
(331, 3, '4af63b07b9d6302eb511c431cb8d8e04.jpg', 168655935, 0.99999999999998, 556446150608, '2024-03-26 01:01:46', '2024-03-26 01:02:06'),
(332, 3, 'db9200927ab8620e6ead431f4b85ed80.jpg', 145695357, 1, 583745776370, '2024-03-26 01:01:46', '2024-03-26 01:02:06'),
(333, 3, '91ce30e69a75e8a36be7e9b0d065d0c8.jpg', 80109349, 1, 515093764146, '2024-03-26 01:01:46', '2024-03-26 01:02:06'),
(334, 3, '4b8f507bc9e56743c368c9353c0931ac.jpg', 110368511, 1, 535207751604, '2024-03-26 01:01:46', '2024-03-26 01:02:06'),
(335, 3, 'dd9b5d932092ab9339427a60204c396d.jpg', 110368511, 1, 535207751604, '2024-03-26 01:01:46', '2024-03-26 01:02:06'),
(336, 3, 'b028e6502b7a4f5df5195eec8ae8dbe1.jpg', 121076693, 1, 462993310472, '2024-03-26 01:01:46', '2024-03-26 01:02:06'),
(337, 3, '63336be6547a317a9a33314c8f36d1d6.jpg', 118801263, 0.99999999999999, 510952732912, '2024-03-26 01:01:46', '2024-03-26 01:02:06'),
(338, 3, 'cad3166e56dc62778797452a53f5eab0.jpg', 84889661, 1, 315332439084, '2024-03-26 01:01:46', '2024-03-26 01:02:06'),
(339, 3, '8595e009dd9265e4e8ea28d0333cc452.jpg', 189584231, 1, 231193697462, '2024-03-26 01:01:46', '2024-03-26 01:02:06'),
(340, 3, '8901126029c992c4bf2cba8e4f85ae21.jpg', 189584231, 1, 231193697462, '2024-03-26 01:01:46', '2024-03-26 01:02:06'),
(341, 3, 'ffeb4ca12e19544968bebb683c1addb5.jpg', 115238802, 1, 276734637396, '2024-03-26 01:01:46', '2024-03-26 01:02:06'),
(342, 3, '4561c070b4cf28885b90d69c7db44bcc.jpg', 119324773, 1, 242248277196, '2024-03-26 01:01:46', '2024-03-26 01:02:06'),
(343, 3, '454f600c50b2bd948abef2bc1540456d.jpg', 148032009, 1, 242402222928, '2024-03-26 01:01:46', '2024-03-26 01:02:06'),
(344, 3, 'db7f772baeace6009e488a1f53bed299.jpg', 135757298, 1, 366766458166, '2024-03-26 01:01:46', '2024-03-26 01:02:06'),
(345, 3, '9e697ce7fa3f5e55f583a17f9ddfff80.jpg', 215396289, 1, 506384883264, '2024-03-26 01:01:46', '2024-03-26 01:02:06'),
(346, 3, 'c8c651c2039a9b416f86526e96a91a87.jpg', 109050959, 1, 843419757218, '2024-03-26 01:01:46', '2024-03-26 01:02:06'),
(347, 3, 'ce9f4e18f1060c44a253834683af27b8.jpg', 85196737, 1, 769584271542, '2024-03-26 01:01:46', '2024-03-26 01:02:06'),
(348, 3, 'bc974eff6a75eb8fe26ff4f58da0ec80.jpg', 200577675, 1, 509840582644, '2024-03-26 01:01:46', '2024-03-26 01:02:06'),
(349, 3, 'e607df96703d1a8fed1510d8382eb79d.jpg', 172222887, 1, 588295207656, '2024-03-26 01:01:46', '2024-03-26 01:02:06'),
(350, 3, 'fc84e659d7adff24a3f3280a8b9fce1f.jpg', 125787276, 1, 428379470174, '2024-03-26 01:01:46', '2024-03-26 01:02:06'),
(351, 3, 'd81fb379d27c0c85be9dddded824d565.jpg', 99024665, 0.99999999999999, 562508609226, '2024-03-26 01:01:46', '2024-03-26 01:02:06'),
(352, 3, 'e2bdd6b2c0e2a75ebfc1e937275279ec.jpg', 125018749, 1, 657379718806, '2024-03-26 01:01:46', '2024-03-26 01:02:06'),
(353, 3, '6dd186c07393b83ad645ec8031e430c8.jpg', 116908678, 0.99999999999999, 638049070222, '2024-03-26 01:01:46', '2024-03-26 01:02:06'),
(354, 3, '7cd7a1fdff412fbd148a81514d86af7e.jpg', 137501362, 1, 443593831458, '2024-03-26 01:01:46', '2024-03-26 01:02:06'),
(355, 3, '0bfdef6846169cdd2a186d736fa357c1.jpg', 152613949, 1, 625763726362, '2024-03-26 01:01:46', '2024-03-26 01:02:06'),
(356, 3, 'fdbc7f25d082145b162c6d437dc53643.jpg', 156905139, 0.99999999999999, 626594246636, '2024-03-26 01:01:46', '2024-03-26 01:02:06'),
(357, 3, '8efbbdf4e2e5371c4fa0ba4c1b5ba524.jpg', 104836219, 1, 683958607118, '2024-03-26 01:01:46', '2024-03-26 01:02:06'),
(358, 3, 'ccfa83fe5d6c09a1cdc6429c8d0fca7e.jpg', 170666079, 1, 704119293678, '2024-03-26 01:01:46', '2024-03-26 01:02:06'),
(359, 3, 'e01542b40bd326c0eb44e0a6172fc601.jpg', 170666079, 1, 704119293678, '2024-03-26 01:01:46', '2024-03-26 01:02:06'),
(360, 3, '65cf74a2d6852955c1bf74aaedaf48bd.jpg', 156939245, 1, 762579079706, '2024-03-26 01:01:46', '2024-03-26 01:02:06'),
(361, 3, 'de729adf155b53d18f3aca9d486fae17.jpg', 234890851, 1, 522568572302, '2024-03-26 01:01:46', '2024-03-26 01:02:06'),
(362, 3, 'd639131597756f5d889841224d6e8842.jpg', 142036669, 1, 926287436416, '2024-03-26 01:01:46', '2024-03-26 01:02:06'),
(363, 3, '213c79910c89f6b44f822d457d4076e9.jpg', 111422524, 1, 626016081228, '2024-03-26 01:01:46', '2024-03-26 01:02:06'),
(364, 3, '6538226002451846bf09903702739a81.jpg', 221289366, 1, 609970851008, '2024-03-26 01:01:46', '2024-03-26 01:02:06'),
(365, 3, '350aa18b228d28f25e3857f618aec7d9.jpg', 118969995, 0.99999999999999, 582628851322, '2024-03-26 01:01:46', '2024-03-26 01:02:06'),
(366, 3, '44756dad47066e9e5a53ce66dda70ce1.jpg', 138120287, 0.99999999999999, 825678373494, '2024-03-26 01:01:46', '2024-03-26 01:02:06'),
(367, 3, '03cf5dc98420a779bf5b667398f79efd.jpg', 197036530, 1, 794877564574, '2024-03-26 01:01:46', '2024-03-26 01:02:06'),
(368, 3, 'bd60be9504848a24dfe9f00e42a1cc2f.jpg', 169238831, 1, 769389058080, '2024-03-26 01:01:46', '2024-03-26 01:02:06'),
(369, 3, '1c7d2977cf4c4f685cfa1390918d655a.jpg', 248332526, 1, 377053569530, '2024-03-26 01:01:46', '2024-03-26 01:02:06'),
(370, 3, 'a1dad79cbbf8413b7e4cd69ef337a8d4.jpg', 116566318, 1, 481379851504, '2024-03-26 01:01:46', '2024-03-26 01:02:06'),
(371, 3, '3ba944bbe4f0a19827d6c10b240ae2da.jpg', 138389947, 0.99999999999999, 473391951082, '2024-03-26 01:01:46', '2024-03-26 01:02:06'),
(372, 3, '9bb7e1ae63750d52b7350a5e0764470c.jpg', 82510959, 1, 247413022364, '2024-03-26 01:01:46', '2024-03-26 01:02:06'),
(373, 3, 'ec6fdfea4cd9d13e534e484b861d19d5.jpg', 50121921, 1, 631044925722, '2024-03-26 01:01:46', '2024-03-26 01:02:06'),
(374, 3, '5379c4639f64fca47f6278abad5284f3.jpg', 169275508, 0.99999999999999, 615246687002, '2024-03-26 01:01:46', '2024-03-26 01:02:06'),
(375, 3, '54759dfe52a8c06d020dac22d31eb0c9.jpg', 109390506, 1, 629475676874, '2024-03-26 01:01:46', '2024-03-26 01:02:06'),
(376, 3, '3892d7c37639354252b08112b8ccb49f.jpg', 144231649, 1, 874821375904, '2024-03-26 01:01:46', '2024-03-26 01:02:06'),
(377, 3, '37dc02f61e7a5f73183d7513d0f847d5.jpg', 240321423, 0.99999999999999, 568573896236, '2024-03-26 01:01:46', '2024-03-26 01:02:06'),
(378, 3, 'edea60bbfc637a661bbf24ba68913fcc.jpg', 144867322, 0.99999999999999, 927482015290, '2024-03-26 01:01:46', '2024-03-26 01:02:06'),
(379, 3, 'bfcda22429cfe979b45f4d22992a2081.jpg', 130422766, 1, 873495526084, '2024-03-26 01:01:46', '2024-03-26 01:02:06'),
(380, 3, 'c0abdff39bc346ada0503087163b5554.jpg', 253464089, 1, 888316067688, '2024-03-26 01:01:46', '2024-03-26 01:02:06'),
(381, 3, '4694d2d46e78ad83f759cf475a8a14de.jpg', 147212472, 1, 926575453134, '2024-03-26 01:01:46', '2024-03-26 01:02:06'),
(382, 3, '9533500c6cd08299916239f00bde7191.jpg', 89660997, 1, 794845076148, '2024-03-26 01:01:46', '2024-03-26 01:02:06'),
(383, 3, '8cbd8f9cea3ed15b104f135cdc010deb.jpg', 178824048, 1, 831334874268, '2024-03-26 01:01:46', '2024-03-26 01:02:06'),
(384, 3, '09aad9900582d547bc0cb9c2ab2d9240.jpg', 125618616, 1, 1149108420840, '2024-03-26 01:01:46', '2024-03-26 01:02:06'),
(385, 3, 'a08119271a1982b17651fbf5edd4cb22.jpg', 101379845, 1, 1152727890298, '2024-03-26 01:01:46', '2024-03-26 01:02:06'),
(386, 3, '0fb1f32b747c76190588762a710f7940.jpg', 138081262, 0.99999999999999, 814912413424, '2024-03-26 01:01:46', '2024-03-26 01:02:06'),
(387, 3, '403155ad5cdbc44324569ec07795c15e.jpg', 275590618, 1, 458973203782, '2024-03-26 01:01:46', '2024-03-26 01:02:06'),
(388, 3, 'b459e5379efae0fdc1ea24b39b456eb2.jpg', 224197814, 1, 525829484950, '2024-03-26 01:01:46', '2024-03-26 01:02:06'),
(389, 3, '3f099b7ea11ef4c5dc991563e9bceb55.jpg', 224197814, 1, 525829484950, '2024-03-26 01:01:46', '2024-03-26 01:02:06'),
(390, 3, 'c16e900878be7aa7073321121bdfbf6d.jpg', 262968429, 0.99999999999998, 672961296858, '2024-03-26 01:01:46', '2024-03-26 01:02:06'),
(391, 3, '372ae641b6f37634e191cf84eb5567af.jpg', 110863290, 1, 1180848486202, '2024-03-26 01:01:46', '2024-03-26 01:02:06'),
(392, 3, '43b5389399a4b05190c9c185ed91f25c.jpg', 52068754, 1, 1073563261664, '2024-03-26 01:01:46', '2024-03-26 01:02:06'),
(393, 3, 'a9152c78c87d1b61b6f174f238c80751.jpg', 125859380, 1, 862608430060, '2024-03-26 01:01:46', '2024-03-26 01:02:06'),
(394, 3, '95f89c791bb5790919e25bd4015eeb40.jpg', 53815252, 1, 949485674750, '2024-03-26 01:01:46', '2024-03-26 01:02:06');

-- --------------------------------------------------------

--
-- Table structure for table `klasifikasi`
--

CREATE TABLE `klasifikasi` (
  `id_klasifikasi` int(11) NOT NULL,
  `nama` varchar(50) DEFAULT NULL,
  `deskripsi` text,
  `created_at` timestamp NOT NULL DEFAULT CURRENT_TIMESTAMP,
  `updated_at` timestamp NOT NULL DEFAULT CURRENT_TIMESTAMP ON UPDATE CURRENT_TIMESTAMP
) ENGINE=InnoDB DEFAULT CHARSET=latin1;

--
-- Dumping data for table `klasifikasi`
--

INSERT INTO `klasifikasi` (`id_klasifikasi`, `nama`, `deskripsi`, `created_at`, `updated_at`) VALUES
(1, 'Kelas 1', 'Kriteria kelas 1', '2024-03-26 00:58:43', '2024-03-26 00:58:43'),
(2, 'Kelas 2', 'Kriteria kelas 2', '2024-03-26 00:58:43', '2024-03-26 00:58:43'),
(3, 'Kelas 3', 'Kriteria kelas 3', '2024-03-26 00:58:43', '2024-03-26 00:58:43');

-- --------------------------------------------------------

--
-- Table structure for table `konsultasi`
--

CREATE TABLE `konsultasi` (
  `id_konsultasi` int(11) NOT NULL,
  `id_users` int(11) DEFAULT NULL,
  `image` longtext,
  `created_at` timestamp NOT NULL DEFAULT CURRENT_TIMESTAMP,
  `updated_at` timestamp NOT NULL DEFAULT CURRENT_TIMESTAMP ON UPDATE CURRENT_TIMESTAMP
) ENGINE=InnoDB DEFAULT CHARSET=latin1;

--
-- Dumping data for table `konsultasi`
--

INSERT INTO `konsultasi` (`id_konsultasi`, `id_users`, `image`, `created_at`, `updated_at`) VALUES
(1, 54273051, 'image_picker2562694812337953297.jpg', '2023-11-01 01:54:07', '2023-11-01 01:54:07'),
(2, 54273051, 'image_picker2915204185910226868.jpg', '2023-11-01 01:54:34', '2023-11-01 01:54:34'),
(3, 54273051, 'image_picker4633050121973483241.jpg', '2023-11-26 14:47:54', '2023-11-26 14:47:54'),
(4, 1, '1fd350d584cf50ce3c34d4c6d64aa88c.jpg', '2024-03-26 03:20:57', '2024-03-26 03:20:57');

-- --------------------------------------------------------

--
-- Table structure for table `users`
--

CREATE TABLE `users` (
  `id` int(11) NOT NULL,
  `id_users` int(11) NOT NULL,
  `nama` varchar(50) COLLATE utf8mb4_unicode_ci DEFAULT NULL,
  `email` varchar(50) COLLATE utf8mb4_unicode_ci DEFAULT NULL,
  `foto` varchar(50) COLLATE utf8mb4_unicode_ci DEFAULT NULL,
  `username` varchar(50) COLLATE utf8mb4_unicode_ci NOT NULL,
  `password` varchar(100) COLLATE utf8mb4_unicode_ci NOT NULL,
  `roles` enum('admin','users') COLLATE utf8mb4_unicode_ci NOT NULL,
  `ins` timestamp NULL DEFAULT CURRENT_TIMESTAMP,
  `upd` timestamp NULL DEFAULT CURRENT_TIMESTAMP ON UPDATE CURRENT_TIMESTAMP
) ENGINE=InnoDB DEFAULT CHARSET=utf8mb4 COLLATE=utf8mb4_unicode_ci;

--
-- Dumping data for table `users`
--

INSERT INTO `users` (`id`, `id_users`, `nama`, `email`, `foto`, `username`, `password`, `roles`, `ins`, `upd`) VALUES
(1, 1, 'Alan Lengkoan', 'alanlengkoan@gmail.com', NULL, 'admin', '$2y$10$UrvEbnhpVkCREvEz1WjUAu5EUEdbeTjFtQE0faPjufKxl68AtJmsi', 'admin', '2021-07-22 01:56:34', '2022-11-07 12:40:17'),
(35, 54273051, 'alan', 'alan@gmail.com', NULL, 'alan', '$2y$10$9u.RINp5l9WH15.984nX6ePShdVBfl0l5v6k1aDhAWO2X7yFQi/S2', 'users', '2023-11-01 01:52:59', '2023-11-01 01:52:59'),
(36, 22609517, 'naruto', 'naruto@gmail.com', NULL, 'naruto', '$2y$10$8GXoXYZFlSp.w0BSfG4gE.xRoh64P1VzftbDglhxtOGvBhDXLLJnW', 'users', '2023-11-02 09:51:08', '2023-11-02 09:51:08');

--
-- Indexes for dumped tables
--

--
-- Indexes for table `basis`
--
ALTER TABLE `basis`
  ADD PRIMARY KEY (`id_basis`),
  ADD KEY `id_klasifikasi` (`id_klasifikasi`);

--
-- Indexes for table `klasifikasi`
--
ALTER TABLE `klasifikasi`
  ADD PRIMARY KEY (`id_klasifikasi`);

--
-- Indexes for table `konsultasi`
--
ALTER TABLE `konsultasi`
  ADD PRIMARY KEY (`id_konsultasi`),
  ADD KEY `k_to_u` (`id_users`);

--
-- Indexes for table `users`
--
ALTER TABLE `users`
  ADD PRIMARY KEY (`id`),
  ADD UNIQUE KEY `UNIQ_8D93D649FA06E4D9` (`id_users`),
  ADD UNIQUE KEY `UNIQ_8D93D649F85E0677` (`username`);

--
-- AUTO_INCREMENT for dumped tables
--

--
-- AUTO_INCREMENT for table `basis`
--
ALTER TABLE `basis`
  MODIFY `id_basis` int(11) NOT NULL AUTO_INCREMENT, AUTO_INCREMENT=395;

--
-- AUTO_INCREMENT for table `klasifikasi`
--
ALTER TABLE `klasifikasi`
  MODIFY `id_klasifikasi` int(11) NOT NULL AUTO_INCREMENT, AUTO_INCREMENT=4;

--
-- AUTO_INCREMENT for table `konsultasi`
--
ALTER TABLE `konsultasi`
  MODIFY `id_konsultasi` int(11) NOT NULL AUTO_INCREMENT, AUTO_INCREMENT=5;

--
-- AUTO_INCREMENT for table `users`
--
ALTER TABLE `users`
  MODIFY `id` int(11) NOT NULL AUTO_INCREMENT, AUTO_INCREMENT=37;

--
-- Constraints for dumped tables
--

--
-- Constraints for table `basis`
--
ALTER TABLE `basis`
  ADD CONSTRAINT `k_to_b` FOREIGN KEY (`id_klasifikasi`) REFERENCES `klasifikasi` (`id_klasifikasi`);

--
-- Constraints for table `konsultasi`
--
ALTER TABLE `konsultasi`
  ADD CONSTRAINT `k_to_u` FOREIGN KEY (`id_users`) REFERENCES `users` (`id_users`) ON DELETE CASCADE;
COMMIT;

/*!40101 SET CHARACTER_SET_CLIENT=@OLD_CHARACTER_SET_CLIENT */;
/*!40101 SET CHARACTER_SET_RESULTS=@OLD_CHARACTER_SET_RESULTS */;
/*!40101 SET COLLATION_CONNECTION=@OLD_COLLATION_CONNECTION */;
